Number,Species,Part,weight,notes,"legend: s = scanned individual, rem = remaining individuals"
1,SILTER3,rem roots,1.8449,,
2,SILTER3,rem leaves,0.8925,,
3,SILTER3,s leaves,0.1324,,
4,SILTER3,s axial roots,0.8339,,
5,SILTER3,s stems,0.0186,,
6,SILTER3,s lateral roots,0.1056,,
7,SILTER5,s lateral roots,0.1465,,
8,SILTER5,s axial roots,0.7111,,
9,SILTER5,s leaves,0.425,,
10,SILTER5,rem leaves,0.6104,,
11,SILTER5,rem roots,1.6488,,
12,SILTER4,rem leaves,0.3233,,
13,SILTER4,rem roots,0.9993,,
14,SILTER4,s axial roots,1.8125,,
15,SILTER4,s leaves,0.3604,,
16,SILTER4,s lateral roots,0.2344,,
17,SILTER1,rem roots,1.5662,,
18,SILTER1,s axial roots,1.1206,,
19,SILTER1,s leaves,1.322,,
20,SILTER1,rem leaves,0.1876,,
21,SILTER1,s lateral roots,0.3175,,
22,SILLAC4,s axial roots,0.627,,
23,SILLAC4,rem leaves,0.6894,,
24,SILLAC4,rem leaves,3.0553,,
25,SILLAC4,s lateral roots,0.0883,25a = s leaves,
26,SILLAC5,s axial roots,1.3119,,
27,SILLAC5,s leaves,0.3697,,
28,SILLAC5,s lateral roots,0.2731,,
29,SILLAC5,rem leaves,0.624,,
30,SILLAC5,rem roots,1.5508,,
31,PHYVIR4,rem roots,2.2391,,
32,PHYVIR4,rem leaves,2.0631,,
33,PHYVIR4,rem stems,0.3666,,
34,PHYVIR4,s leaves,0.3916,,
35,PHYVIR4,s roots,0.2262,,
36,PHYVIR4,rem rhizomes,0.2884,,
37,PHYVIR4,rem flowers,0.3814,,
38,PHYVIR4,s stems,0.115,,
39,PHYVIR4,s rhizomes,0.0771,,
40,ASCTUB4,s flowers,0.1238,,
41,ASCTUB4,s lateral roots,0.1298,,
42,ASCTUB4,s stems,0.4151,,
43,ASCTUB4,s axial roots,0.2586,,
44,ASCTUB4,s leaves,0.6071,,
45,ASCTUB4,rem roots,2.1851,,
46,ASCTUB4,rem leaves,2.2212,,
47,ASCTUB4,rem stems,1.5972,,
48,ASCTUB4,rem flowers,0.16,,
49,CHAFAS4,s lateral roots,0.2063,,
50,CHAFAS4,s flowers,0.5329,,
51,CHAFAS4,s axial roots,0.0843,,
52,CHAFAS4,s leaves,0.6753,,
53,CHAFAS4,s stems,0.6261,,
54,CHAFAS4,rem roots,0.4502,,
55,CHAFAS4,rem flowers,0.3461,,
56,CHAFAS4,rem leaves,0.5729,,
57,CHAFAS4,rem stems,0.6253,,
,,,,,
58,ASCSUL4,s leaves,0.1918,,
59,ASCSUL4,s lateral roots,0.0967,,
60,ASCSUL4,s stems,0.1007,,
61,ASCSUL4,s axial roots,0.3145,,
62,ASCSUL4,rem roots,2.0126,,
63,ASCSUL4,rem leaves,0.83,,
64,ASCSUL4,rem stems,0.5822,,
,,,,,
65,ASCSYR4,s lateral roots,1.1266,,
66,ASCSYR4,s axial roots,1.1659,,
67,ASCSYR4,s stems,0.8021,,
68,ASCSYR4,s leaves,1.4026,,
69,ASCSYR4,rem stems,0.8395,,
70,ASCSYR4,rem roots,2.255,,
71,ASCSYR4,rem leaves,1.6186,,
,,,,,
72,HELMOL4,s leaves,0.4144,,
73,HELMOL4,s stems,0.1607,,
74,HELMOL4,s rhizomes,0.0039,,
75,HELMOL4,s roots,0.1386,part 1,
76,HELMOL4,s roots,0.3206,part 2,
77,HELMOL4,rem rhizomes,0.0754,,
78,HELMOL4,rem leaves,0.867,,
79,HELMOL4,rem stems,0.3821,,
,,,,,
80,ANDGER4,s leaves,0.9678,,
81,ANDGER4,s roots,0.7316,,
82,ANDGER4,rem leaves,6.381,,
83,ANDGER4,rem roots,3.8135,,
,,,,,
84,ASCVER4,s leaves,0.2781,,
85,ASCVER4,s roots,0.4352,,
86,ASCVER4,s stems,0.2345,,
87,ASCVER4,rem leaves,2.2132,,
88,ASCVER4,rem stems,1.7659,,
89,ASCVER4,rem roots,3.5252,,
,,,,,
90,ELYCAN4,s roots,0.153,,
91,ELYCAN4,s leaves,0.6241,,
92,ELYCAN4,rem roots,1.2467,,
93,ELYCAN4,rem leaves,4.8672,,
,,,,,
94,BAPALB4,s leaves,0.1956,,
95,BAPALB4,s lateral roots,0.0716,,
96,BAPALB4,s axial roots,0.4003,,
97,BAPALB4,s stems,0.0864,,
98,BAPALB4,rem leaves,0.2453,,
99,BAPALB4,rem rhizomes,0.0052,,
100,BAPALB4,rem roots,0.2564,,
101,BAPALB4,rem stems,0.1963,,
,,,,,
102,BAPBRA4,s roots,0.029,only 1/2 of scan roots,
103,BAPBRA4,s stems,0.0172,,
104,BAPBRA4,s leaves,0.0597,,
,,,,,
105,SENMAR4,s roots,0.0031,,
106,SENMAR4,s stems,0.006,,
107,SENMAR4,s leaves,0.0248,,
,,,,,
108,RUDFUL4,s roots,0.4655,,
109,RUDFUL4,s leaves,1.074,,
110,RUDFUL4,rem leaves,1.822,,
111,RUDFUL4,rem roots,0.4699,,
,,,,,
112,AGASCR4,s leaves,0.3037,,
113,AGASCR4,s flowers,0.0733,,
114,AGASCR4,s roots,0.5919,,
115,AGASCR4,s stems,0.5637,,
116,AGASCR4,rem flowers,0.7427,,
117,AGASCR4,rem stems,1.695,,
118,AGASCR4,rem roots,1.3401,,
119,AGASCR4,rem leaves,2.3957,,
,,,,,
120,ANECYL4,s roots,0.4171,,
121,ANECYL4,s leaves,0.6368,,
122,ANECYL4,rem leaves,2.0217,,
123,ANECYL4,rem roots,0.9154,,
,,,,,
124,BLECIL4,s roots,0.2157,,
125,BLECIL4,s leaves,1.3705,,
126,BLECIL4,s stems,0.3717,,
127,BLECIL4,rem roots,1.4835,,
128,BLECIL4,rem leaves,4.0959,,
129,BLECIL4,rem stems,1.4438,,
,,,,,
130,ANEVIR4,s roots,0.4277,,
131,ANEVIR4,s leaves,0.8349,,
132,ANEVIR4,rem roots,2.8419,,
133,ANEVIR4,rem leaves,5.4807,,
,,,,,
134,BRIEUP4,s axial roots,0.3093,,
135,BRIEUP4,s lateral roots,0.0634,,
136,BRIEUP4,s stems,0.3278,,
137,BRIEUP4,s leaves,0.1937,,
138,BRIEUP4,s flowers,0.0775,,
139,BRIEUP4,rem roots,0.5842,,
140,BRIEUP4,rem stems,1.2791,,
141,BRIEUP4,rem leaves,1.5081,,
,,,,,
142,ECHPAL4,s axial roots,0.728,,
143,ECHPAL4,s lateral roots,0.2773,,
144,ECHPAL4,s leaves,2.8235,,
145,ECHPAL4,rem roots,2.301,,
146,ECHPAL4,rem leaves,5.1769,,
,,,,,
147,ERYYUC4,s roots,0.9359,,
148,ERYYUC4,s leaves,0.9447,,
149,ERYYUC4,rem roots,2.3952,,
150,ERYYUC4,rem leaves,3.8991,,
,,,,,
151,EUPCOR4,rem roots,3.3414,,
152,EUPCOR4,rem stems,0.3364,rem leaves too,
153,EUPCOR4,s roots,1.3275,,
154,EUPCOR4,s leaves,0.2009,,
,,,,,
155,HEURIC4,rem leaves,0.3253,,
156,HEURIC4,s axial roots,0.4628,,
157,HEURIC4,s leaves,1.5714,,
158,HEURIC4,s lateral roots,0.2237,,
,,,,,
159,HYPPUN4,s roots,0.2724,,
160,HYPPUN4,s green leaves,0.1595,,
161,HYPPUN4,s dead leaves,0.4393,,
162,HYPPUN4,s stems,0.3462,,
163,HYPPUN4,s flowers,0.1483,,
164,HYPPUN4,rem roots,0.6455,,
165,HYPPUN4,rem leaves,1.9453,,
166,HYPPUN4,rem stems,0.7683,,
,,,,,
167,MONFIS4,s roots,0.6039,,
168,MONFIS4,s green leaves,0.2558,,
169,MONFIS4,s dead leaves,0.2769,,
170,MONFIS4,s stems,0.6386,,
171,MONFIS4,rem roots,1.2471,,
172,MONFIS4,rem leaves,1.9354,,
173,MONFIS4,rem stems,1.9475,,
,,,,,
174,PENHIR4,s roots,0.5471,,
175,PENHIR4,s leaves,1.3494,,
176,PENHIR4,s stems,0.1045,,
177,PENHIR4,rem stems,0.1708,,
178,PENHIR4,rem roots,0.6556,,
179,PENHIR4,rem leaves,3.1407,,
,,,,,
180,PENDIG4,s roots,0.6643,,
181,PENDIG4,s leaves,1.8721,,
182,PENDIG4,rem roots,0.5617,,
183,PENDIG4,rem leaves,3.5655,,
,,,,,
184,HYPPYR5,s lateral roots,0.573,,
185,HYPPYR5,s axial roots,0.3342,,
186,HYPPYR5,s stems,0.3847,,
187,HYPPYR5,s leaves,0.6747,,
188,HYPPYR5,rem roots,1.9878,,
189,HYPPYR5,rem stems,1.2671,,
190,HYPPYR5,rem leaves,2.0867,,
,,,,,
191,PARINT5,s axial roots,0.8602,,
192,PARINT5,s lateral roots,0.3854,,
193,PARINT5,s leaves,0.6119,,
194,PARINT5,rem roots,2.6634,,
195,PARINT5,rem leaves,3.1209,,
,,,,,
196,PHLPIL4,s roots,0.3273,,
197,PHLPIL4,s stems,0.1646,,
198,PHLPIL4,s leaves,0.6849,,
199,PHLPIL4,rem roots,0.4798,,
200,PHLPIL4,rem leaves,2.1707,,
201,PHLPIL4,rem stems,0.6506,,
,,,,,
202,SPIALB4,s axial roots,0.0914,,
203,SPIALB4,s lateral roots,0.1284,,
204,SPIALB4,s stems,0.0029,,
205,SPIALB4,s green leaves,0.1187,,
206,SPIALB4,s dead leaves,0.0325,,
207,SPIALB4,rem roots,0.8901,,
208,SPIALB4,rem stems,1.2519,,
209,SPIALB4,rem leaves,1.2454,,
,,,,,
210,VERVIR4,s roots,1.0455,,
211,VERVIR4,s stems,0.5993,,
212,VERVIR4,s leaves,1.456,,
213,VERVIR4,rem roots,0.6765,,
214,VERVIR4,rem stems,0.9271,,
215,VERVIR4,rem leaves,2.423,,
,,,,,
216,POLREP5,s roots,2.1087,,
217,POLREP5,s leaves,4.4971,,
218,POLREP5,s stems,2.6082,,
219,POLREP5,rem roots,0.0815,,
220,POLREP5,rem stems,0.1069,,
221,POLREP5,rem leaves,0.209,,
,,,,,
222,VERSTR4,s axial roots,0.3113,,
223,VERSTR4,s lateral roots,0.678,,
224,VERSTR4,s stems,0.6473,,
225,VERSTR4,s green leaves,1.1976,,
226,VERSTR4,s dead leaves,0.0786,,
227,VERSTR4,rem roots,2.2718,,
228,VERSTR4,rem leaves,4.2422,,
229,VERSTR4,rem stems,2.2686,,
,,,,,
230,ALLCAN4,s roots,0.0024,,
231,ALLCAN4,s bulb,0.0482,,
,,,,,
232,ALLCER4,s roots,0.0469,,
233,ALLCER4,s bulb,0.1031,,
234,ALLCER4,s leaves,0.2511,,
,,,,,
235,ZIZAPT4,s axial roots,0.3949,,
236,ZIZAPT4,s lateral roots,0.7762,,
237,ZIZAPT4,s leaves,1.6832,,
238,ZIZAPT4,rem roots,0.1506,,
239,ZIZAPT4,rem leaves,0.9336,,
,,,,,
240,CXANNE4,s roots,0.2269,,
241,CXANNE4,s green leaves,0.1978,,
242,CXANNE4,s dead leaves,0.7662,,
243,CXANNE4,s nubs,0.1375,,
244,CXANNE4,rem roots,0.3207,,
245,CXANNE4,rem nubs,0.2349,,
,,,,,
246,CAMROT4,s axial roots,0.0186,,
247,CAMROT4,s lateral roots,0.0335,,
248,CAMROT4,s nubs,0.0171,,
249,CAMROT4,s leaves,0.3525,,
250,CAMROT4,rem roots,0.2833,,
251,CAMROT4,rem leaves,1.552,,
,,,,,
252,CXGRAV4,s roots,0.6331,,
253,CXGRAV4,s nubs,0.0522,,
254,CXGRAV4,s green leaves,0.6311,,
255,CXGRAV4,s dead leaves,1.3302,,
256,CXGRAV4,rem roots,1.8764,,
257,CXGRAV4,rem nubs,0.3476,,
258,CXGRAV4,rem leaves,5.7897,,
,,,,,
259,CXBICK4,s roots,0.3168,,
260,CXBICK4,s green leaves,0.3076,,
261,CXBICK4,s dead leaves,0.8343,,
262,CXBICK4,s nubs,0.0661,,
263,CXBICK4,rem roots,2.1944,,
264,CXBICK4,rem leaves,7.6218,,
265,CXBICK4,rem nubs,0.5857,,
,,,,,
266,CXBREV4,s roots,0.54,,
267,CXBREV4,s green leaves,0.7823,,
268,CXBREV4,s dead leaves,0.4542,,
269,CXBREV4,s nubs,0.0891,,
270,CXBREV4,rem roots,0.5695,,
271,CXBREV4,rem nubs,0.1232,,
272,CXBREV4,rem leaves,1.9716,,
,,,,,
273,CXMOLE4,s roots,0.7245,,
274,CXMOLE4,s roots,0.3526,"unscanned, extra roots",
275,CXMOLE4,s nubs,0.3188,,
276,CXMOLE4,s green leaves,0.49,,
277,CXMOLE4,s dead leaves,3.373,,
278,CXMOLE4,rem roots,0.5423,,
279,CXMOLE4,rem nubs,0.2584,,
280,CXMOLE4,rem leaves,3.2264,,
,,,,,
281,HELAUT4,s roots,0.1573,,
282,HELAUT4,s leaves,0.1731,,
283,HELAUT4,s stems,0.0249,,
284,HELAUT4,rem roots,0.3731,,
285,HELAUT4,rem stems,0.0148,,
286,HELAUT4,rem leaves,0.4196,,
287,HELAUT4,rem roots,3.1716,had weeds,
,,,,,
288,TRAOHI4,s roots,0.0133,,
289,TRAOHI4,s leaves,0.0372,,
290,TRAOHI4,rem roots,0.0006,,
291,TRAOHI4,rem leaves,0.0511,,
,,,,,
292,AGANEP4,s roots,0.916,,
293,AGANEP4,s green leaves,0.9203,,
294,AGANEP4,s dead leaves,1.235,,
295,AGANEP4,s stems,0.7323,,
296,AGANEP4,s flowers,0.1337,,
297,AGANEP4,rem roots,0.2006,,
298,AGANEP4,rem leaves,1.7442,,
299,AGANEP4,rem stems,1.3415,,
300,AGANEP4,rem flowers,0.8349,,
,,,,,
301,POTARG4,s roots,0.9675,,
302,POTARG4,s green leaves,0.6632,,
303,POTARG4,s dead leaves,0.2559,,
304,POTARG4,rem roots,0.0424,,
305,POTARG4,rem leaves,2.6935,,
,,,,,
306,PYCPIL4,s roots,0.5111,,
307,PYCPIL4,s green leaves,0.1795,,
308,PYCPIL4,s dead leaves,0.1555,,
309,PYCPIL4,s rhizomes,0.0063,,
310,PYCPIL4,s stems,0.3496,,
311,PYCPIL4,rem roots,1.1085,,
312,PYCPIL4,rem leaves,1.592,,
313,PYCPIL4,rem rhizomes,0.0152,,
314,PYCPIL4,rem stems,2.0542,,
,,,,,
315,TEUCAN4,s roots,0.1208,,
316,TEUCAN4,s rhizomes,1.887,,
317,TEUCAN4,s stems,0.5385,,
318,TEUCAN4,s leaves,0.453,,
319,TEUCAN4,myco rhizomes,2.161,,
320,TEUCAN4,rem rhizomes,0.9766,,
321,TEUCAN4,rem roots,0.067,,
322,TEUCAN4,rem stems,0.8621,,
323,TEUCAN4,rem leaves,1.062,,
,,,,,
324,VIOPED2,s roots,0.7615,,
325,VIOPED2,s leaves,0.7374,,
326,VIOPED2,s flowers,0.2257,,
,,,,,
327,PYCVIR4,s roots,0.5672,,
328,PYCVIR4,s green leaves,0.5214,,
329,PYCVIR4,s dead leaves,0.2917,,
330,PYCVIR4,s rhizomes,0.0596,,
331,PYCVIR4,s stems,0.5585,,
332,PYCVIR4,rem roots,1.7235,,
333,PYCVIR4,rem leaves,2.167,,
334,PYCVIR4,rem rhizomes,0.0768,,
335,PYCVIR4,rem stems,2.0635,,
,,,,,
336,PYCTEN4,s roots,0.4372,,
337,PYCTEN4,s rhizomes,0.0098,,
338,PYCTEN4,s stems,0.3414,,
339,PYCTEN4,s green leaves,0.1491,,
340,PYCTEN4,s dead leaves,0.3199,,
341,PYCTEN4,rem roots,1.182,,
342,PYCTEN4,rem rhizomes,0.1881,,
343,PYCTEN4,rem stems,1.7954,,
344,PYCTEN4,rem leaves,0.4353,,
,,,,,
345,AMOCAN4,s axial roots,1.1706,,
346,AMOCAN4,s lateral roots,0.4565,,
347,AMOCAN4,s stems,0.1406,,
348,AMOCAN4,s leaves,0.3068,,
349,AMOCAN4,rem roots,1.2825,,
350,AMOCAN4,rem stems,0.129,,
351,AMOCAN4,rem leaves,0.3286,,
,,,,,
352,ASTCAN4,s axial roots,0.1689,,
353,ASTCAN4,s lateral roots,0.1972,,
354,ASTCAN4,s stems,0.1414,,
355,ASTCAN4,s leaves,0.4101,,
356,ASTCAN4,rem roots,0.0547,,
357,ASTCAN4,rem stems,0.5805,,
358,ASTCAN4,rem leaves,0.4495,,
,,,,,
359,CEAAME4,s axial roots,2.5231,,
360,CEAAME4,s lateral roots,0.6027,,
361,CEAAME4,s stems,0.3402,,
362,CEAAME4,s leaves,1.2518,,
363,CEAAME4,rem stems,0.0606,,
364,CEAAME4,rem leaves,0.3104,,
,,,,,
365,DALCAN4,s axial roots,0.359,,
366,DALCAN4,s lateral roots,0.1237,,
367,DALCAN4,s stems,0.1377,,
368,DALCAN4,s green leaves,0.109,,
369,DALCAN4,s dead leaves,0.0918,,
370,DALCAN4,rem roots,2.5168,,
371,DALCAN4,rem stems,0.7069,,
372,DALCAN4,rem leaves,0.1543,,
,,,,,
373,DALPUR4,s axial roots,0.2261,,
374,DALPUR4,s lateral roots,0.1239,,
375,DALPUR4,s leaves,0.0315,,
376,DALPUR4,s stems,0.0554,,
377,DALPUR4,rem roots,3.0006,,
378,DALPUR4,rem stems,1.112,,
379,DALPUR4,rem leaves,0.7126,,
,,,,,
380,DESILL4,s axial roots,0.703,,
381,DESILL4,s lateral roots,0.5531,,
382,DESILL4,s stems,0.576,,
383,DESILL4,s leaves,0.5387,,
384,DESILL4,rem roots,1.3635,,
385,DESILL4,rem stems,1.48,,
386,DESILL4,rem leaves,1.56,,
387,DESILL4,rem seed pods,0.5198,,
,,,,,
388,DSMILL5,s axial roots,0.6046,,
389,DSMILL5,s lateral roots,0.2685,,
390,DSMILL5,s stems,0.145,,
391,DSMILL5,s leaves,0.1735,,
392,DSMILL5,rem roots,3.6992,,
393,DSMILL5,rem nodules,0.0052,,
394,DSMILL5,rem stems,0.9368,,
395,DSMILL5,rem leaves,0.8332,,
,,,,,
396,DESCAN5,s axial roots,1.2726,,
397,DESCAN5,s lateral roots,0.3886,,
398,DESCAN5,s stems,0.3699,,
399,DESCAN5,s leaves,0.3213,,
400,DESCAN5,rem roots,4.862,,
401,DESCAN5,rem stems,1.5708,,
402,DESCAN5,rem leaves,1.6622,,
,,,,,
403,LESCAP4,s axial roots,0.298,,
404,LESCAP4,s lateral roots,0.6286,,
405,LESCAP4,s stems,0.2352,,
406,LESCAP4,s leaves,0.354,,
407,LESCAP4,rem roots,3.339,,
408,LESCAP4,rem stems,0.943,,
409,LESCAP4,rem leaves,1.4204,,
410,LESCAP4,rem flowers,0.0143,,
,,,,,
411,ANECAN4,s roots,1.3601,,
412,ANECAN4,s stems,1.3395,,
413,ANECAN4,s leaves,7.0918,,
,,,,,
414,SENHEB4,s axial roots,0.4452,,
415,SENHEB4,s lateral roots,0.8803,,
416,SENHEB4,s stems,0.406,,
417,SENHEB4,s leaves,0.1073,,
418,SENHEB4,rem roots,1.792,,
419,SENHEB4,rem stems,0.8486,,
420,SENHEB4,rem leaves,1.3834,,
,,,,,
421,ARNPLA4,s axial roots,3.0501,,
422,ARNPLA4,s lateral roots,0.6842,,
423,ARNPLA4,s green leaves,3.3648,,
424,ARNPLA4,s dead leaves,0.0927,,
,,,,,
425,BOUCUR4,s roots,0.3523,,
426,BOUCUR4,s green leaves,0.6553,,
427,BOUCUR4,s dead leaves,0.9819,,
428,BOUCUR4,rem roots,2.9808,,
429,BOUCUR4,rem leaves,12.6999,,
,,,,,
430,BROKAL4,s roots,0.1598,,
431,BROKAL4,s rhizomes,0.0061,,
432,BROKAL4,s green leaves,0.3846,,
433,BROKAL4,s dead leaves,0.4389,,
434,BROKAL4,rem roots,0.465,,
435,BROKAL4,rem leaves,2.8618,,
,,,,,
436,ERASPE4,s roots,0.7324,,
437,ERASPE4,s leaves,2.8607,,
438,ERASPE4,s flowers,0.3368,,
439,ERASPE4,rem roots,2.8698,,
440,ERASPE4,rem leaves,9.4869,,
441,ERASPE4,rem flowers,1.4896,,
,,,,,
442,ECHPUR4,s roots,0.2517,,
443,ECHPUR4,s green leaves,0.2132,,
444,ECHPUR4,s dead leaves,0.3268,,
445,ECHPUR4,rem roots,0.8568,,
446,ECHPUR4,rem leaves,4.7026,,
,,,,,
447,CORPAL4,s roots,0.441,,
448,CORPAL4,s leaves,0.6617,,
449,CORPAL4,s stems,0.4102,,
450,CORPAL4,s rhizomes,0.0107,,
451,CORPAL4,rem roots,0.9001,,
452,CORPAL4,rem rhizomes,0.0787,,
453,CORPAL4,rem leaves,1.0328,,
454,CORPAL4,rem stems,0.8516,,
,,,,,
455,HELOCC5,s roots,0.9872,,
456,HELOCC5,s leaves,0.9567,,
457,HELOCC5,rem roots,2.1225,,
458,HELOCC5,rem rhizomes,0.2426,,
459,HELOCC5,rem leaves,4.6096,,
,,,,,
460,EUPALT4,s roots,0.1935,,
461,EUPALT4,s stems,0.1734,,
462,EUPALT4,s green leaves,0.3774,,
463,EUPALT4,s dead leaves,0.0265,,
464,EUPALT4,rem roots,0.482,,
465,EUPALT4,rem stems,0.7163,,
466,EUPALT4,rem leaves,1.6887,,
,,,,,
467,EUTGRA5,s roots,0.2408,,
468,EUTGRA5,s rhizomes,0.1924,,
469,EUTGRA5,s stems,0.1384,,
470,EUTGRA5,s green leaves,0.0784,,
471,EUTGRA5,s dead leaves,0.1168,,
472,EUTGRA5,rem roots,1.5703,,
473,EUTGRA5,rem rhizomes,1.0857,,
474,EUTGRA5,rem stems,0.9831,,
475,EUTGRA5,rem leaves,1.9181,,
,,,,,
476,HELPAU4,s roots,0.6901,,
477,HELPAU4,s rhizomes,0.2038,,
478,HELPAU4,s stems,0.8952,,
479,HELPAU4,s dead leaves,0.0965,,
480,HELPAU4,s green leaves,0.5365,,
481,HELPAU4,rem roots,0.9608,,
482,HELPAU4,rem rhizomes,0.3209,,
483,HELPAU4,rem stems,0.9542,,
484,HELPAU4,rem leaves,2.2135,,
,,,,,
485,HELSTR4,s roots,0.7275,,
486,HELSTR4,s rhizomes,0.041,,
487,HELSTR4,s stems,0.6338,,
488,HELSTR4,s dead leaves,0.6956,,
489,HELSTR4,s green leaves,0.1832,,
490,HELSTR4,rem roots,1.3242,,
491,HELSTR4,rem rhizomes,0.1293,,
492,HELSTR4,rem stems,2.8379,,
493,HELSTR4,rem leaves,3.3199,,
,,,,,
494,HELHEL4,s roots,0.3559,,
495,HELHEL4,s rhizomes,0.028,,
496,HELHEL4,s stems,0.3866,,
497,HELHEL4,s green leaves,0.3377,,
498,HELHEL4,s dead leaves,0.3415,,
499,HELHEL4,rem roots,1.5727,,
500,HELHEL4,rem rhizomes,0.0902,,
501,HELHEL4,rem leaves,3.0466,,
502,HELHEL4,rem stems,2.0294,,
,,,,,
503,KOEPYR4,s roots,0.1662,,
504,KOEPYR4,s green leaves,0.6255,,
505,KOEPYR4,s dead leaves,0.3669,,
506,KOEPYR4,rem roots,1.303,,
507,KOEPYR4,rem leaves,5.4662,,
,,,,,
508,HIEODO4,s roots,0.1406,,
509,HIEODO4,s rhizomes,0.2761,,
510,HIEODO4,s green leaves,0.5616,,
511,HIEODO4,s dead leaves,0.4321,,
512,HIEODO4,rem roots,0.2842,,
513,HIEODO4,rem rhizomes,0.4475,,
514,HIEODO4,rem leaves,2.9724,,
,,,,,
515,LIAPYC4,s roots,0.1028,,
516,LIAPYC4,s corm,0.9099,,
517,LIAPYC4,s leaves,0.3899,,
518,LIAPYC4,myco corm,0.7591,,
519,LIAPYC4,rem roots,0.206,,
520,LIAPYC4,rem corms,1.8583,,
521,LIAPYC4,rem leaves,1.0909,,
,,,,,
522,LIAASP4,s roots,0.0075,,
523,LIAASP4,s corm,0.5833,,
524,LIAASP4,s leaves,0.0373,,
525,LIAASP4,rem roots,0.0359,,
526,LIAASP4,rem corms,1.44,,
527,LIAASP4,rem leaves,0.4413,,
,,,,,
528,LIASCN4,s roots,0.0222,,
529,LIASCN4,s corm,0.7705,,
530,LIASCN4,s leaves,0.1347,,
531,LIASCN4,myco corm,0.3248,,
532,LIASCN4,rem roots,0.0371,,
533,LIASCN4,rem corms,0.3956,,
534,LIASCN4,rem leaves,0.587,,
,,,,,
535,PANVIR5,s roots,1.1185,,
536,PANVIR5,s green leaves,0.5181,,
537,PANVIR5,s dead leaves,0.1254,,
538,PANVIR5,s rhizomes,0.2888,,
539,PANVIR5,rem roots,12.961,,
540,PANVIR5,rem leaves,10.6701,,
,,,,,
541,LIASPI4,s roots,0.0994,,
542,LIASPI4,s corm,0.6345,,
543,LIASPI4,s leaves,0.4387,,
544,LIASPI4,rem roots,0.175,,
545,LIASPI4,rem corms,2.6932,,
546,LIASPI4,rem leaves,1.2239,,
,,,,,
547,RUDHIR3,s roots,0.0274,,
548,RUDHIR3,s green leaves,0.1017,,
549,RUDHIR3,s dead leaves,0.0727,,
550,RUDHIR3,rem roots,0.0366,,
551,RUDHIR3,rem leaves,2.8384,,
552,RUDHIR3,rem flowers,0.0904,,
,,,,,
553,RATPIN4,s roots,0.5853,,
554,RATPIN4,s green leaves,1.1346,,
555,RATPIN4,s dead leaves,0.1111,,
556,RATPIN4,rem roots,2.3325,,
557,RATPIN4,rem leaves,6.5328,,
,,,,,
558,RUDSUB4,s roots,0.1664,,
559,RUDSUB4,s stems,0.226,,
560,RUDSUB4,s green leaves,0.227,,
561,RUDSUB4,s dead leaves,0.9976,,
562,RUDSUB4,rem roots,0.4098,,
563,RUDSUB4,rem leaves,3.2299,,
,,,,,
564,RUDTRI5,s roots,0.1508,,
565,RUDTRI5,s leaves,0.4552,,
566,RUDTRI5,rem roots,1.4605,,
567,RUDTRI5,rem leaves,4.7977,,
,,,,,
568,SCHSCO4,s roots,0.3937,,
569,SCHSCO4,s nubs,0.193,,
570,SCHSCO4,s dead leaves,0.0899,,
571,SCHSCO4,s green leaves,0.4075,,
572,SCHSCO4,rem roots,4.1013,,
573,SCHSCO4,rem leaves,12.3999,,
574,SCHSCO4,rem flowers,0.4017,,
,,,,,
575,SOLSPE4,s roots,0.8129,,
576,SOLSPE4,s leaves,1.3222,,
577,SOLSPE4,rem roots,1.9238,,
578,SOLSPE4,rem leaves,6.0273,,
,,,,,
579,SORNUT4,s roots,0.5393,,
580,SORNUT4,s rhizomes,0.0025,,
581,SORNUT4,s dead leaves,0.8159,,
582,SORNUT4,s green leaves,0.7176,,
583,SORNUT4,rem roots,3.5691,,
584,SORNUT4,rem rhizomes,0.3408,,
585,SORNUT4,rem leaves,8.6124,,
,,,,,
586,SPOHET4,s roots,0.4005,,
587,SPOHET4,s nubs,0.0823,,
588,SPOHET4,s dead leaves,0.099,,
589,SPOHET4,s green leaves,0.8915,,
590,SPOHET4,rem roots,1.2634,,
591,SPOHET4,rem rhizomes,0.3932,,
592,SPOHET4,rem leaves,3.9154,,
,,,,,
593,SOLJUN5,s roots,0.6899,,
594,SOLJUN5,s dead leaves,0.5432,,
595,SOLJUN5,s green leaves,1.179,,
596,SOLJUN5,rem roots,1.1574,,
597,SOLJUN5,rem leaves,5.5403,,
,,,,,
598,SOLNEM4,s roots,0.627,,
599,SOLNEM4,s stems,0.7946,,
600,SOLNEM4,s dead leaves,1.63,,
601,SOLNEM4,s green leaves,0.5899,,
602,SOLNEM4,rem stems,0.4134,,
603,SOLNEM4,rem leaves,1.712,,
,,,,,
604,OLIRIG4,s roots,1.1486,,
605,OLIRIG4,s dead leaves,0.0535,,
606,OLIRIG4,s green leaves,2.14,,
607,OLIRIG4,rem roots,2.9251,,
608,OLIRIG4,rem leaves,8.7868,,
,,,,,
609,SYMLAE4,s roots,0.2468,,
610,SYMLAE4,s dead leaves,0.0943,,
611,SYMLAE4,s green leaves,0.3881,,
612,SYMLAE4,rem roots,1.9683,,
613,SYMLAE4,rem leaves,4.4303,,
,,,,,
614,SYMERI4,s roots,0.1808,,
615,SYMERI4,s stems,0.0488,,
616,SYMERI4,s dead leaves,0.2219,,
617,SYMERI4,s green leaves,0.2692,,
618,SYMERI4,rem roots,0.5953,,
619,SYMERI4,rem rhizomes,0.015,,
620,SYMERI4,rem leaves,2.3584,,
,,,,,
621,SYMNOV5,s roots,1.7982,,
622,SYMNOV5,s stems,0.6708,,
623,SYMNOV5,s dead leaves,0.1347,,
624,SYMNOV5,s green leaves,0.7362,,
625,SYMNOV5,rem roots,3.6199,,
626,SYMNOV5,rem stems,1.1307,,
627,SYMNOV5,rem leaves,2.9086,,
,,,,,
628,SYMSER4,s roots,0.3325,,
629,SYMSER4,s stems,0.1215,,
630,SYMSER4,s dead leaves,0.0757,,
631,SYMSER4,s green leaves,0.7773,,
632,SYMSER4,rem roots,0.2159,,
633,SYMSER4,rem stems,0.4107,,
634,SYMSER4,rem leaves,1.7607,,
635,SYMSER4,rem flowers,0.0763,,
,,,,,
636,THADAS4,s roots,1.5248,,
637,THADAS4,s roots,2.4464,extra unscanned roots from same individual as 636,
638,THADAS4,s stems,0.8447,,
639,THADAS4,s dead leaves,0.0503,,
640,THADAS4,s green leaves,1.4044,,
641,THADAS4,rem roots,0.7177,,
642,THADAS4,rem stems,0.1794,,
643,THADAS4,rem leaves,0.5352,,
,,,,,
644,VERFAS4,s roots,2.0703,A,
645,VERFAS4,s roots,0.1732,B,
646,VERFAS4,s stems,0.7574,,
647,VERFAS4,s dead leaves,0.7436,,
648,VERFAS4,s green leaves,0.4137,,
649,VERFAS4,s flowers,0.0094,,
650,VERFAS4,rem roots,2.0456,,
651,VERFAS4,rem stems,1.1835,,
652,VERFAS4,rem leaves,3.2405,,
,,,,,
653,SILINT3,s roots,0.4084,,
654,SILINT3,s leaves,0.4055,,
655,SILINT3,rem roots,1.0911,,
656,SILINT3,rem leaves,2.786,,
,,,,,
657,VERMIS5,s roots,0.3565,,
658,VERMIS5,s stems,0.1215,,
659,VERMIS5,s dead leaves,0.1589,,
660,VERMIS5,s green leaves,0.2041,,
661,VERMIS5,rem roots,1.7473,,
662,VERMIS5,rem stems,0.847,,
663,VERMIS5,rem leaves,1.9992,,
,,,,,
664,ASCTUB3,s axial roots,0.6253,,
665,ASCTUB3,s lateral roots,0.2643,,
666,ASCTUB3,s stems,0.3115,,
667,ASCTUB3,s leaves,0.2557,,
668,ASCTUB3,rem roots,3.5648,,
669,ASCTUB3,rem stems,0.7712,,
670,ASCTUB3,rem leaves,0.8323,,
,,,,,
671,ASCSUL3,s axial roots,0.7253,,
672,ASCSUL3,s lateral roots,0.2517,,
673,ASCSUL3,s stems,0.1266,,
674,ASCSUL3,s leaves,0.1999,,
675,ASCSUL3,rem roots,1.707,,
676,ASCSUL3,rem leaves,0.0664,,
677,ASCSUL3,rem stems,0.3052,,
,,,,,
678,PHYVIR3,s roots,0.0875,,
679,PHYVIR3,s leaves,0.0387,,
680,PHYVIR3,rem roots,0.6013,,
681,PHYVIR3,rem rhizomes,0.2312,,
682,PHYVIR3,rem leaves,0.5663,,
,,,,,
683,SILLAC3,s axial roots,0.5541,,
684,SILLAC3,s lateral roots,0.0334,,
685,SILLAC3,s leaves,0.1881,,
686,SILLAC3,rem roots,1.2207,,
687,SILLAC3,rem leaves,0.4108,,
,,,,,
688,ANDGER3,s roots,0.249,,
689,ANDGER3,s dead leaves,0.2428,,
690,ANDGER3,s green leaves,0.179,,
691,ANDGER3,rem roots,3.9069,,
692,ANDGER3,rem leaves,4.4462,,
,,,,,
693,ASCSYR3,s axial roots,1.0264,,
694,ASCSYR3,s lateral roots,0.2936,,
695,ASCSYR3,s stems,0.1693,,
696,ASCSYR3,s leaves,0.4474,,
697,ASCSYR3,rem roots,6.6128,,
698,ASCSYR3,rem stems,0.643,,
699,ASCSYR3,rem leaves,1.615,,
,,,,,
700,HELMOL1,s roots,0.6697,,
701,HELMOL1,s stems,0.0871,,
702,HELMOL1,s dead leaves,0.2015,,
703,HELMOL1,s green leaves,0.2432,,
704,HELMOL1,rem roots,1.6391,,
705,HELMOL1,rem rhizomes,0.5103,,
706,HELMOL1,rem stems,0.523,,
707,HELMOL1,rem leaves,1.6223,,
,,,,,
708,CHAFAS1,s axial roots,0.0212,,
709,CHAFAS1,s lateral roots,0.0312,,
710,CHAFAS1,s stems,0.1046,,
711,CHAFAS1,s seed pods,0.115,,
712,CHAFAS1,rem roots,0.3083,,
713,CHAFAS1,rem stems,1.0178,,
714,CHAFAS1,rem leaves,0.1725,,
715,CHAFAS1,rem seed pods,0.316,,
,,,,,
716,ELYCAN3,s roots,0.2128,,
717,ELYCAN3,s dead leaves,0.0806,,
718,ELYCAN3,s green leaves,0.6193,,
719,ELYCAN3,rem roots,1.8986,,
720,ELYCAN3,rem leaves,5.3529,,
,,,,,
721,ASCVER3,s roots,0.6376,,
722,ASCVER3,s stems,0.1642,,
723,ASCVER3,s leaves,0.2205,,
724,ASCVER3,rem roots,1.3834,,
725,ASCVER3,rem rhizomes,0.0692,,
726,ASCVER3,rem stems,0.5114,,
727,ASCVER3,rem leaves,0.5156,,
,,,,,
728,BAPALB1,s axial roots,0.3571,,
729,BAPALB1,s lateral roots,0.1046,,
730,BAPALB1,s stems,0.038,,
731,BAPALB1,s leaves,0.1167,,
732,BAPALB1,rem roots,0.5642,,
733,BAPALB1,rem stems,0.167,,
734,BAPALB1,rem leaves,0.4306,,
,,,,,
735,BAPBRA1,s axial roots,0.4644,,
736,BAPBRA1,s lateral roots,0.1186,,
737,BAPBRA1,s stems,0.0274,,
738,BAPBRA1,s leaves,0.1732,,
739,BAPBRA1,rem roots,0.7582,,
740,BAPBRA1,rem stems,0.2176,,
741,BAPBRA1,rem leaves,0.4228,,
,,,,,
742,SENMAR1,s axial roots,1.6816,,
743,SENMAR1,s lateral roots,1.4016,,
744,SENMAR1,s stems,0.1845,,
745,SENMAR1,s leaves,0.7696,,
746,SENMAR1,rem roots,0.6478,,
747,SENMAR1,rem stems,0.269,,
748,SENMAR1,rem leaves,1.315,,
,,,,,
749,RUDFUL3,s green leaves,1.6414,,
750,RUDFUL3,s roots,1.1469,,
751,RUDFUL3,s dead leaves,0.1064,,
752,RUDFUL3,rem roots,1.9875,,
753,RUDFUL3,rem leaves,3.3439,,
,,,,,
754,AGASCR3,s roots,0.6673,,
755,AGASCR3,s stems,0.2329,,
756,AGASCR3,s leaves,0.9806,,
757,AGASCR3,rem roots,4.7135,,
758,AGASCR3,rem stems,1.4352,,
759,AGASCR3,rem leaves,5.5974,,
,,,,,
760,ANECYL3,s roots,0.3574,,
761,ANECYL3,s leaves,0.4888,,
762,ANECYL3,rem roots,1.7655,,
763,ANECYL3,rem leaves,2.6558,,
,,,,,
764,BLECIL3,s roots,0.6942,,
765,BLECIL3,s stems,0.6253,,
766,BLECIL3,s dead leaves,0.0347,,
767,BLECIL3,s green leaves,1.8371,,
768,BLECIL3,rem roots,1.9015,,
769,BLECIL3,rem stems,1.6906,,
770,BLECIL3,rem leaves,6.6233,,
,,,,,
771,ANEVIR3,s roots,0.575,,
772,ANEVIR3,s leaves,0.6789,,
773,ANEVIR3,rem roots,2.9661,,
774,ANEVIR3,rem leaves,7.7325,,
,,,,,
775,ECHPAL3,s axial roots,,,
776,ECHPAL3,s lateral roots,0.0885,,
777,ECHPAL3,s leaves,0.8724,,
778,ECHPAL3,rem roots,1.3168,,
779,ECHPAL3,rem leaves,2.6738,,
,,,,,
780,ERYYUC3,s roots,1.4121,,
781,ERYYUC3,s dead leaves,0.0633,,
782,ERYYUC3,s green leaves,1.0927,,
783,ERYYUC3,rem leaves,0.4843,,
,,,,,
784,EUPCOR3,s axial roots,0.4458,,
785,EUPCOR3,s lateral roots,0.0542,,
786,EUPCOR3,s stems,0.2368,,
787,EUPCOR3,s leaves,0.2515,,
788,EUPCOR3,s inflorescence,0.0266,,
789,EUPCOR3,rem roots,2.4638,,
790,EUPCOR3,rem stems,0.4006,,
791,EUPCOR3,rem leaves,0.5935,,
,,,,,
792,BRIEUP3,s axial roots,0.771,,
793,BRIEUP3,s lateral roots,0.0814,,
794,BRIEUP3,s stems,0.7282,,
795,BRIEUP3,s dead leaves,0.0437,,
796,BRIEUP3,s green leaves,0.5687,,
797,BRIEUP3,rem roots,2.6008,,
798,BRIEUP3,rem stems,2.6034,,
799,BRIEUP3,rem leaves,2.97,,
,,,,,
800,HEURIC3,s axial roots,0.1151,,
801,HEURIC3,s lateral roots,0.1705,,
802,HEURIC3,s leaves,0.9927,,
803,HEURIC3,rem roots,0.0236,,
804,HEURIC3,rem leaves,0.3814,,
,,,,,
805,HYPPUN3,s roots,0.1081,,
806,HYPPUN3,s stems,0.1605,,
807,HYPPUN3,s dead leaves,0.1158,,
808,HYPPUN3,s green leaves,0.0361,,
809,HYPPUN3,rem roots,1.552,,
810,HYPPUN3,rem stems,1.5513,,
811,HYPPUN3,rem leaves,3.0077,,
812,HYPPUN3,rem flowers,0.1975,,
,,,,,
813,HYPPYR1,s stems,0.701,,
814,HYPPYR1,s axial roots,0.2485,,
815,HYPPYR1,s leaves,0.9647,,
816,HYPPYR1,s lateral roots,1.4439,,
817,HYPPYR1,s dead leaves,0.0537,,
818,HYPPYR1,rem stems,1.9648,,
819,HYPPYR1,rem roots,3.9901,,
820,HYPPYR1,rem leaves,2.9438,,
,,,,,
821,MONFIS1,s roots,0.3895,,
822,MONFIS1,s stems,0.4969,,
823,MONFIS1,s leaves,0.3472,,
824,MONFIS1,rem roots,2.2742,,
825,MONFIS1,rem stems,2.0953,,
826,MONFIS1,rem leaves,4.8747,,
,,,,,
827,PARINT3,s axial roots,2.6953,,
828,PARINT3,s lateral roots,0.9326,,
829,PARINT3,s dead leaves,0.4994,,
830,PARINT3,s green leaves,2.04,,
831,PARINT3,rem roots,0.9254,,
832,PARINT3,rem leaves,0.9856,,
,,,,,
833,PENDIG3,s roots,0.1855,,
834,PENDIG3,s leaves,0.7299,,
835,PENDIG3,rem roots,0.1384,,
836,PENDIG3,rem leaves,0.9232,,
,,,,,
837,PENHIR1,s roots,0.5259,,
838,PENHIR1,s green leaves,1.3608,,
839,PENHIR1,s dead leaves,0.023,,
840,PENHIR1,rem roots,1.5864,,
841,PENHIR1,rem leaves,6.9006,,
,,,,,
842,POLREP3,s roots,0.7063,,
843,POLREP3,s leaves,1.0915,,
844,POLREP3,rem roots,0.819,,
845,POLREP3,rem leaves,3.0982,,
,,,,,
846,PHLPIL1,s roots,1.2245,,
847,PHLPIL1,s stems,0.5279,,
848,PHLPIL1,s green leaves,1.8581,,
849,PHLPIL1,s dead leaves,0.0071,,
850,PHLPIL1,rem roots,0.3404,,
,,,,,
851,SPIALB3,s axial roots,0.114,,
852,SPIALB3,s lateral roots,0.1285,,
853,SPIALB3,s stems,0.2195,,
854,SPIALB3,s green leaves,0.1686,,
855,SPIALB3,s dead leaves,0.0125,,
856,SPIALB3,rem roots,1.0346,,
857,SPIALB3,rem stems,0.9123,,
858,SPIALB3,rem leaves,1.089,,
,,,,,
859,VERSTR3,s axial roots,0.2171,,
860,VERSTR3,s lateral roots,0.5214,,
861,VERSTR3,s stems,0.2489,,
862,VERSTR3,s green leaves,0.4638,,
863,VERSTR3,s dead leaves,0.0346,,
864,VERSTR3,rem roots,0.1635,,
865,VERSTR3,rem stems,0.1635,,
866,VERSTR3,rem leaves,0.3653,,
,,,,,
867,VERVIR3,s roots,1.8445,,
868,VERVIR3,s stems,0.5957,,
869,VERVIR3,s leaves,1.6697,,
,,,,,
870,ZIZAPT1,s axial roots,0.1327,,
871,ZIZAPT1,s lateral roots,0.1509,,
872,ZIZAPT1,s leaves,0.6284,,
873,ZIZAPT1,rem roots,0.1124,,
874,ZIZAPT1,rem leaves,0.2755,,
,,,,,
875,ALLCAN2,s roots,0.0077,,
876,ALLCAN2,s bulb,0.0235,,
877,ALLCAN2,s stems,0.0015,,
878,ALLCAN2,myco bulb,0.0223,,
879,ALLCAN2,rem roots,0.0255,,
880,ALLCAN2,rem bulbs,0.122,,
881,ALLCAN2,rem stems,0.0035,,
,,,,,
882,CAMROT3,s axial roots,0.0671,,
883,CAMROT3,s lateral roots,0.0508,,
884,CAMROT3,s stems,0.1168,,
885,CAMROT3,s dead leaves,0.0325,,
886,CAMROT3,s green leaves,0.5667,,
887,CAMROT3,rem roots,0.3806,,
888,CAMROT3,rem leaves,3.4229,,
,,,,,
889,ALLCER3,s roots,0.1446,,
890,ALLCER3,s bulb,0.1838,,
891,ALLCER3,s dead leaves,0.0077,,
892,ALLCER3,s green leaves,0.1463,,
893,ALLCER3,rem bulbs,0.0372,,
894,ALLCER3,rem leaves,0.0946,,
,,,,,
895,CXBREV3,s roots,0.5743,,
896,CXBREV3,s dead leaves,0.0801,,
897,CXBREV3,s leaves,1.8186,,
898,CXBREV3,rem roots,4.8634,,
899,CXBREV3,rem leaves,14.851,,
,,,,,
900,CXBICK3,s roots,0.2726,,
901,CXBICK3,s dead leaves,0.064,,
902,CXBICK3,s green leaves,0.2102,,
903,CXBICK3,rem roots,1.7447,,
904,CXBICK3,rem leaves,1.9076,,
,,,,,
905,CXANNE3,s roots,0.0756,,
906,CXANNE3,s leaves,0.2259,,
907,CXANNE3,rem roots,1.191,,
908,CXANNE3,rem leaves,7.0305,,
,,,,,
909,CXGRAV3,s roots,0.1126,,
910,CXGRAV3,s dead leaves,0.0937,,
911,CXGRAV3,s green leaves,0.5507,,
912,CXGRAV3,rem roots,2.5549,,
913,CXGRAV3,rem leaves,13.5492,,
,,,,,
914,CXMOLE3,s roots,0.3321,,
915,CXMOLE3,s dead leaves,0.0204,,
916,CXMOLE3,s green leaves,1.4043,,
917,CXMOLE3,rem roots,4.2812,,
918,CXMOLE3,rem leaves,19.1864,,
,,,,,
919,CXNORM3,s roots,0.6474,,
920,CXNORM3,s dead leaves,0.3056,,
921,CXNORM3,s green leaves,1.2198,,
922,CXNORM3,rem roots,1.9805,,
923,CXNORM3,rem leaves,7.7376,,
,,,,,
924,TRAOHI3,s roots,0.7203,,
925,TRAOHI3,s leaves,1.1726,,
926,TRAOHI3,rem leaves,0.1349,,
,,,,,
927,HELAUT3,s roots,0.0756,,
928,HELAUT3,s leaves,0.2717,,
929,HELAUT3,rem roots,0.1349,,
930,HELAUT3,rem leaves,1.8647,,
,,,,,
931,AGANEP3,s roots,0.7419,,
932,AGANEP3,s stems,0.2783,,
933,AGANEP3,s dead leaves,0.1067,,
934,AGANEP3,s green leaves,0.7422,,
935,AGANEP3,rem roots,2.8986,,
936,AGANEP3,rem stems,1.7106,,
937,AGANEP3,rem leaves,5.485,,
938,AGANEP3,rem flowers,0.23,,
,,,,,
939,POTARG3,s roots,0.5764,,
940,POTARG3,s dead leaves,0.1047,,
941,POTARG3,s green leaves,0.9893,,
942,POTARG3,rem roots,3.5438,,
943,POTARG3,rem leaves,6.9922,,
,,,,,
944,PYCPIL3,s roots,0.3172,,
945,PYCPIL3,s stems,0.2839,,
946,PYCPIL3,s dead leaves,0.0191,,
947,PYCPIL3,s green leaves,0.2445,,
948,PYCPIL3,rem roots,1.2538,,
949,PYCPIL3,rem rhizomes,0.0528,,
950,PYCPIL3,rem leaves,1.418,,
951,PYCPIL3,rem stems,1.1965,,
,,,,,
952,PYCTEN3,s roots,0.486,,
953,PYCTEN3,s rhizomes,0.0156,,
954,PYCTEN3,s stems,0.3634,,
955,PYCTEN3,s leaves,0.6795,,
956,PYCTEN3,rem roots,1.2742,,
957,PYCTEN3,rem rhizomes,0.201,,
958,PYCTEN3,rem leaves,2.7887,,
959,PYCTEN3,rem stems,1.3612,,
,,,,,
960,TEUCAN3,s roots,0.0801,,
961,TEUCAN3,s rhizomes,2.2323,,
962,TEUCAN3,s stems,0.3396,,
963,TEUCAN3,s leaves,0.587,,
964,TEUCAN3,myco rhizomes,0.5537,,
965,TEUCAN3,rem roots,0.2149,,
966,TEUCAN3,rem rhizomes,2.8988,,
967,TEUCAN3,rem stems,0.896,,
968,TEUCAN3,rem leaves,1.1487,,
,,,,,
969,PYCVIR3,s roots,0.4612,,
970,PYCVIR3,s stems,0.1634,,
971,PYCVIR3,s leaves,0.3701,,
972,PYCVIR3,rem roots,2.3748,,
973,PYCVIR3,rem stems,1.0556,,
974,PYCVIR3,rem leaves,1.7385,,
,,,,,
975,ASTCAN1,s axial roots,0.4293,,
976,ASTCAN1,s lateral roots,0.6553,,
977,ASTCAN1,s stems,1.0199,,
978,ASTCAN1,s leaves,3.0618,,
979,ASTCAN1,rem roots,0.0227,,
980,ASTCAN1,rem leaves,0.0674,,
,,,,,
981,AMOCAN3,s axial roots,0.2364,,
982,AMOCAN3,s lateral roots,0.0482,,
983,AMOCAN3,s stems,0.0344,,
984,AMOCAN3,s leaves,0.0513,,
985,AMOCAN3,rem stems,0.0116,,
986,AMOCAN3,rem leaves,0.0146,,
,,,,,
987,CEAAME3,s axial roots,0.8068,,
988,CEAAME3,s lateral roots,0.237,,
989,CEAAME3,s stems,0.0959,,
990,CEAAME3,s leaves,0.3688,,
991,CEAAME3,rem roots,2.403,,
992,CEAAME3,rem stems,0.3039,,
993,CEAAME3,rem leaves,1.4055,,
,,,,,
994,DALCAN3,s axial roots,0.1644,,
995,DALCAN3,s lateral roots,0.0914,,
996,DALCAN3,s stems,0.1147,,
997,DALCAN3,s leaves,0.161,,
998,DALCAN3,rem roots,2.4227,,
999,DALCAN3,rem stems,0.6711,,
1000,DALCAN3,rem leaves,0.3648,,
,,,,,
1001,DALPUR3,s axial roots,0.2479,,
1002,DALPUR3,s lateral roots,0.3273,,
1003,DALPUR3,s stems,0.2094,,
1004,DALPUR3,s leaves,0.1246,,
1005,DALPUR3,rem roots,1.3845,,
1006,DALPUR3,rem stems,0.4194,,
1007,DALPUR3,rem leaves,0.2378,,
,,,,,
1008,DSMILL1,s axial roots,1.3396,,
1009,DSMILL1,s lateral roots,0.4905,,
1010,DSMILL1,s stems,0.4116,,
1011,DSMILL1,rem roots,2.8624,,
1012,DSMILL1,rem stems,1.0083,,
1013,DSMILL1,rem leaves,0.2089,,
,,,,,
1014,DESILL3,s leaves,0.5353,,
1015,DESILL3,s lateral roots,0.8055,,
1016,DESILL3,s stems,0.1762,,
1017,DESILL3,s axial roots,1.3167,,
1018,DESILL3,fallen dead leaves,0.7886,,
1019,DESILL3,rem leaves,1.884,,
1020,DESILL3,rem stems,0.6601,,
1021,DESILL3,rem roots,5.2121,,
,,,,,
1022,DESCAN1,s leaves,0.7565,,
1023,DESCAN1,s stems,0.6569,,
1024,DESCAN1,s lateral roots,1.9155,,
1025,DESCAN1,s axial roots,2.1844,,
1026,DESCAN1,rem stems,0.5143,,
1027,DESCAN1,rem leaves,0.7959,,
1028,DESCAN1,rem roots,2.2956,,
,,,,,
1029,SENHEB3,s leaves,0.5835,,
1030,SENHEB3,s lateral roots,2.1076,,
1031,SENHEB3,s stems,0.1234,,
1032,SENHEB3,rem stems,0.1712,,
1033,SENHEB3,s axial roots,1.1835,,
1034,SENHEB3,rem roots,1.8493,,
1035,SENHEB3,rem leaves,0.228,,
,,,,,
1036,LESCAP3,s leaves,0.4025,,
1037,LESCAP3,s stems,0.099,,
1038,LESCAP3,s lateral roots,1.3915,,
1039,LESCAP3,s axial roots,0.2524,,
1040,LESCAP3,rem stems,0.3315,,
1041,LESCAP3,fallen dead leaves,0.5164,,
1042,LESCAP3,rem roots,2.4268,,
,,,,,
1043,ANECAN3,s leaves,7.2726,,
1044,ANECAN3,s roots,1.8039,,
,,,,,
1045,ERASPE3,s roots,0.3642,,
1046,ERASPE3,s rhizomes,0.0703,,
1047,ERASPE3,s leaves,1.4583,,
1048,ERASPE3,rem roots,2.682,,
1049,ERASPE3,rem rhizomes,0.0817,,
1050,ERASPE3,rem leaves,11.8787,,
,,,,,
1051,ECHPUR3,s roots,0.9396,,
1052,ECHPUR3,s stems,0.5243,,
1053,ECHPUR3,s dead leaves,0.4712,,
1054,ECHPUR3,s green leaves,2.2095,,
1055,ECHPUR3,rem roots,1.0813,,
1056,ECHPUR3,rem stems,2.5333,,
1057,ECHPUR3,rem leaves,7.0303,,
,,,,,
1058,BROKAL3,s roots,0.152,,
1059,BROKAL3,s dead leaves,0.1479,,
1060,BROKAL3,s green leaves,0.5369,,
1061,BROKAL3,rem roots,1.5418,,
1062,BROKAL3,rem leaves,6.6192,,
,,,,,
1063,BOUCUR3,s roots,0.1809,,
1064,BOUCUR3,s stolons,0.0288,,
1065,BOUCUR3,s dead leaves,0.0499,,
1066,BOUCUR3,s green leaves,0.302,,
1067,BOUCUR3,rem roots,2.3118,,
1068,BOUCUR3,rem stolons,0.2078,,
1069,BOUCUR3,rem leaves,6.221,,
,,,,,
1070,ARNPLA1,s roots,5.5946,,
1071,ARNPLA1,s dead leaves,2.2089,,
1072,ARNPLA1,s green leaves,9.5156,,
,,,,,
1073,CORPAL3,s roots,0.3727,,
1074,CORPAL3,s stems,0.1461,,
1075,CORPAL3,s leaves,0.2413,,
1076,CORPAL3,rem roots,0.2649,,
1077,CORPAL3,rem stems,0.9878,,
1078,CORPAL3,rem leaves,0.5137,,
,,,,,
1079,EUPALT3,s roots,0.3019,,
1080,EUPALT3,s stems,0.1741,,
1081,EUPALT3,s leaves,0.3316,,
1082,EUPALT3,rem roots,1.6197,,
1083,EUPALT3,rem stems,0.6163,,
1084,EUPALT3,rem leaves,1.1093,,
,,,,,
1085,EUTGRA3,s roots,0.5332,,
1086,EUTGRA3,s rhizomes,0.4206,,
1087,EUTGRA3,s stems,0.254,,
1088,EUTGRA3,s leaves,0.5903,,
1089,EUTGRA3,rem roots,1.0838,,
1090,EUTGRA3,rem rhizomes,0.9926,,
1091,EUTGRA3,rem stems,0.7869,,
1092,EUTGRA3,rem leaves,1.7207,,
,,,,,
1093,HELOCC1,s roots,0.4928,,
1094,HELOCC1,s dead leaves,0.1347,,
1095,HELOCC1,s green leaves,1.2263,,
1096,HELOCC1,rem roots,2.9546,,
1097,HELOCC1,rem leaves,10.9218,,
,,,,,
1098,HELPAU1,s roots,1.7653,,
1099,HELPAU1,s rhizomes,0.7206,,
1100,HELPAU1,s stems,0.2667,,
1101,HELPAU1,s leaves,0.7648,,
1102,HELPAU1,rem roots,2.3189,,
1103,HELPAU1,rem rhizomes,0.9907,,
1104,HELPAU1,rem stems,0.4779,,
1105,HELPAU1,rem leaves,1.3707,,
,,,,,
1106,HELSTR3,s roots,0.3469,,
1107,HELSTR3,s tuber,0.2467,,
1108,HELSTR3,s rhizomes,0.0302,,
1109,HELSTR3,s stems,0.4215,,
1110,HELSTR3,s dead leaves,0.0249,,
1111,HELSTR3,s green leaves,0.4306,,
1112,HELSTR3,rem roots,1.5301,,
1113,HELSTR3,rem tubers,0.8439,,
1114,HELSTR3,rem rhizomes,0.4707,,
1115,HELSTR3,rem stems,1.4897,,
1116,HELSTR3,rem leaves,1.4897,,
,,,,,
1117,HELHEL3,s roots,0.1662,,
1118,HELHEL3,s stems,0.2035,,
1119,HELHEL3,s leaves,0.4128,,
1120,HELHEL3,rem roots,0.079,,
1121,HELHEL3,rem stems,1.5011,,
1122,HELHEL3,rem leaves,1.4671,,
,,,,,
1123,KOEPYR3,s roots,0.0704,,
1124,KOEPYR3,s dead leaves,0.0235,,
1125,KOEPYR3,s green leaves,0.1459,,
1126,KOEPYR3,rem roots,1.2213,,
1127,KOEPYR3,rem leaves,5.8413,,
,,,,,
1128,LIAASP2,s roots,0.117,,
1129,LIAASP2,s corm,2.491,,
1130,LIAASP2,s leaves,0.3673,,
1131,LIAASP2,rem corms,1.8534,,
1132,LIAASP2,rem leaves,0.5472,,
,,,,,
1133,HIEODO3,s roots,0.2272,,
1134,HIEODO3,s rhizomes,0.2118,,
1135,HIEODO3,s dead leaves,0.0367,,
1136,HIEODO3,s green leaves,0.8084,,
1137,HIEODO3,rem roots,0.789,,
1138,HIEODO3,rem rhizomes,1.2085,,
1139,HIEODO3,rem leaves,5.2086,,
,,,,,
1140,LIASCN2,s roots,0.0785,,
1141,LIASCN2,s corm,1.1105,,
1142,LIASCN2,s leaves,0.1047,,
1143,LIASCN2,rem roots,0.4136,,
1144,LIASCN2,rem corms,4.1585,,
1145,LIASCN2,rem leaves,1.4774,,
,,,,,
1146,LIAPYC3,s roots,0.0787,,
1147,LIAPYC3,s corm,0.7874,,
1148,LIAPYC3,s dead leaves,0.0512,,
1149,LIAPYC3,s green leaves,0.2489,,
1150,LIAPYC3,rem roots,0.0996,,
1151,LIAPYC3,rem corms,2.3772,,
1152,LIAPYC3,rem leaves,0.7219,,
,,,,,
1153,LIASPI1,s roots,0.0462,,
1154,LIASPI1,s corm,0.6304,,
1155,LIASPI1,s dead leaves,0.019,,
1156,LIASPI1,s green leaves,0.152,,
1157,LIASPI1,rem roots,0.2345,,
1158,LIASPI1,rem corms,3.5827,,
,,,,,
1159,RATPIN1,s roots,0.9218,,
1160,RATPIN1,s green leaves,1.137,,
1161,RATPIN1,s dead leaves,0.1398,,
1162,RATPIN1,rem roots,4.9554,,
1163,RATPIN1,rem leaves,11.5439,,
,,,,,
1164,SCHSCO1,s roots,0.5558,,
1165,SCHSCO1,s dead leaves,0.2751,,
1166,SCHSCO1,s green leaves,1.1975,,
1167,SCHSCO1,rem roots,6.7703,,
1168,SCHSCO1,rem rhizomes,1.1758,,
1169,SCHSCO1,rem leaves,12.9757,,
,,,,,
1170,PANVIR3,s roots,0.6723,,
1171,PANVIR3,s dead leaves,0.0334,,
1172,PANVIR3,s green leaves,0.4018,,
1173,PANVIR3,rem roots,5.2386,,
1174,PANVIR3,rem leaves,3.8864,,
,,,,,
1175,RUDTRI3,s roots,0.3362,,
1176,RUDTRI3,s stems,0.6157,,
1177,RUDTRI3,s leaves,0.6127,b: 0.4923,a + b (not all were scanned)
1178,RUDTRI3,rem roots,1.0963,,
1179,RUDTRI3,rem leaves,6.7834,,
,,,,,
1180,RUDHIR1,s roots,0.1934,,
1181,RUDHIR1,s stems,2.4189,,
1182,RUDHIR1,s leaves,0.2269,actually scanned,
1183,RUDHIR1,s leaves,1.4535,not scanned,
1184,RUDHIR1,s flowers,1.4533,,
1185,RUDHIR1,rem leaves,1.7578,,
1186,RUDHIR1,rem roots,0.1553,,
,,,,,
1187,RUDSUB3,s roots,0.1441,,
1188,RUDSUB3,s dead leaves,1.262,,
1189,RUDSUB3,s green leaves,0.3394,,
1190,RUDSUB3,rem roots,0.3494,,
1191,RUDSUB3,rem leaves,3.8398,,
,,,,,
1192,SOLJUN3,s roots,1.3135,,
1193,SOLJUN3,s stems,0.5536,,
1194,SOLJUN3,s dead leaves,0.274,,
1195,SOLJUN3,s green leaves,0.6308,actually scanned,
1196,SOLJUN3,s green leaves,3.6954,not scanned,
1197,SOLJUN3,rem roots,0.8651,,
1198,SOLJUN3,rem leaves,5.2958,,
,,,,,
1199,SORNUT3,s roots,0.4054,,
1200,SORNUT3,s dead leaves,0.2385,,
1201,SORNUT3,s green leaves,0.1984,,
1202,SORNUT3,rem roots,4.5729,,
1203,SORNUT3,rem leaves,5.805,,
,,,,,
1204,SYMLAE1,s roots,0.5066,,
1205,SYMLAE1,s dead leaves,0.1928,,
1206,SYMLAE1,s green leaves,0.8313,,
1207,SYMLAE1,rem roots,6.6622,,
1208,SYMLAE1,rem leaves,7.9785,,
,,,,,
1209,SOLNEM3,s roots,0.3734,,
1210,SOLNEM3,s dead leaves,0.2866,,
1211,SOLNEM3,s green leaves,0.8633,,
1212,SOLNEM3,rem roots,2.1182,,
1213,SOLNEM3,rem stems,1.5117,,
1214,SOLNEM3,rem leaves,8.9056,,
,,,,,
1215,SPOHET3,s roots,0.0915,,
1216,SPOHET3,s dead leaves,0.0515,,
1217,SPOHET3,s green leaves,0.1013,,
1218,SPOHET3,rem roots,0.6648,,
1219,SPOHET3,rem leaves,1.1497,,
,,,,,
1220,SOLSPE3,s roots,2.2271,,
1221,SOLSPE3,s dead leaves,0.4848,,
1222,SOLSPE3,s green leaves,1.2303,,
1223,SOLSPE3,rem roots,4.8043,,
1224,SOLSPE3,rem leaves,7.4413,,
,,,,,
1225,SYMSER3,s roots,0.1174,,
1226,SYMSER3,s stems,0.0385,,
1227,SYMSER3,s dead leaves,0.097,,
1228,SYMSER3,s green leaves,0.1701,,
1229,SYMSER3,rem roots,1.2165,,
1230,SYMSER3,rem stems,0.2186,,
1231,SYMSER3,rem leaves,2.3428,,
1232,SYMSER3,rem flowers,0.0545,,
,,,,,
1233,SYMERI1,s roots,0.4334,,
1234,SYMERI1,s dead leaves,0.2506,,
1235,SYMERI1,s green leaves,0.4842,,
1236,SYMERI1,rem roots,2.7358,,
1237,SYMERI1,rem rhizomes,0.1598,,
1238,SYMERI1,rem stems,0.5501,,
1239,SYMERI1,rem leaves,6.0909,,
,,,,,
1240,SYMNOV3,s roots,0.227,,
1241,SYMNOV3,s stems,0.4675,,
1242,SYMNOV3,s dead leaves,0.3666,,
1243,SYMNOV3,s green leaves,0.5037,,
1244,SYMNOV3,rem roots,0.1993,,
1245,SYMNOV3,rem stems,0.656,,
1246,SYMNOV3,rem leaves,1.2183,,
,,,,,
1247,THADAS5,s green leaves,0.1739,,
1248,THADAS5,s stems,0.5661,,
1249,THADAS5,s dead leaves,0.8972,,
1250,THADAS5,rem stems,0.3638,,
1251,THADAS5,rem leaves,1.8524,,
1252,THADAS5,rem roots,2.4028,,
1253,THADAS5,s roots,3.2782,,
,,,,,
1254,VERFAS1,s green leaves,0.1063,,
1255,VERFAS1,s dead leaves,0.0141,,
1256,VERFAS1,s stems,0.0315,,
1257,VERFAS1,rem leaves,1.0621,,
1258,VERFAS1,rem stems,0.4069,,
1259,VERFAS1,s roots,0.4318,,
1260,VERFAS1,rem roots,2.5535,,
,,,,,
1261,VERMIS3,s roots,1.3664,,
1262,VERMIS3,s stems,0.1148,,
1263,VERMIS3,s dead leaves,0.0077,,
1264,VERMIS3,s green leaves,0.2905,,
1265,VERMIS3,rem roots,3.2935,,
1266,VERMIS3,rem stems,0.4617,,
1267,VERMIS3,rem leaves,1.0488,,
,,,,,
1268,VERGIG3,s roots,0.3317,,
1269,VERGIG3,s stems,0.0831,,
1270,VERGIG3,s dead leaves,0.0115,,
1271,VERGIG3,s green leaves,0.4299,,
1272,VERGIG3,rem roots,9.7685,,
1273,VERGIG3,rem stems,0.6329,,
1274,VERGIG3,rem leaves,1.879,,
1275,VERGIG3,rem flowers,0.1444,,
,,,,,
1276,OLIRIG1,s roots,1.3185,,
1277,OLIRIG1,s dead leaves,0.3404,,
1278,OLIRIG1,s green leaves,1.4912,,
1279,OLIRIG1,rem roots,7.8633,,
1280,OLIRIG1,rem leaves,8.73,,
,,,,,
,SILINT4,s lateral roots,0.2462,,
,SILINT4,s axial roots,0.5841,,
,SILINT4,s leaves,1.0519,,
,CXANNE4,rem leaves,1.5204,,
,SILINT4,rem roots,1.6793,,
,SILINT4,rem leaves,3.2391,,
